filename,width,height,class,xmin,ymin,xmax,ymax
car.Utah_AGRC-HRO_15.0cm_12TVK220980-CROP.00152.03286.000.png,256,256,car,37,108,55,139
car.Utah_AGRC-HRO_15.0cm_12TVK220980-CROP.00152.03286.000.png,256,256,car,56,107,70,140
car.Utah_AGRC-HRO_15.0cm_12TVK220980-CROP.00152.03286.000.png,256,256,car,70,107,87,143
car.Utah_AGRC-HRO_15.0cm_12TVK220980-CROP.00152.03286.000.png,256,256,car,86,107,104,141
car.Utah_AGRC-HRO_15.0cm_12TVK220980-CROP.00152.03286.000.png,256,256,car,104,107,121,144
car.Utah_AGRC-HRO_15.0cm_12TVK220980-CROP.00152.03286.000.png,256,256,car,120,106,139,143
car.Utah_AGRC-HRO_15.0cm_12TVK220980-CROP.00152.03286.000.png,256,256,car,139,105,154,137
car.Utah_AGRC-HRO_15.0cm_12TVK220980-CROP.00152.03286.000.png,256,256,car,155,105,172,145
car.Utah_AGRC-HRO_15.0cm_12TVK220980-CROP.00152.03286.000.png,256,256,car,174,107,190,143
car.Utah_AGRC-HRO_15.0cm_12TVK220980-CROP.00152.03286.000.png,256,256,car,33,208,50,226
car.Utah_AGRC-HRO_15.0cm_12TVK220980-CROP.00152.03286.000.png,256,256,car,51,200,69,227
car.Utah_AGRC-HRO_15.0cm_12TVK220980-CROP.00152.03286.000.png,256,256,car,70,200,86,225
car.Utah_AGRC-HRO_15.0cm_12TVK220980-CROP.00152.03286.000.png,256,256,car,117,199,138,227
car.Utah_AGRC-HRO_15.0cm_12TVK220980-CROP.00152.03286.000.png,256,256,car,136,204,154,226
car.Utah_AGRC-HRO_15.0cm_12TVK220980-CROP.00152.03286.000.png,256,256,car,156,203,174,227
car.Utah_AGRC-HRO_15.0cm_12TVK220980-CROP.00269.04903.000.png,256,256,car,118,108,141,147
car.Utah_AGRC-HRO_15.0cm_12TVK220980-CROP.00269.06213.000.png,256,256,car,121,115,140,149
car.Utah_AGRC-HRO_15.0cm_12TVK220980-CROP.00269.06213.000.png,256,256,car,178,80,194,120
car.Utah_AGRC-HRO_15.0cm_12TVK220980-CROP.00275.03409.000.png,256,256,car,121,113,139,145
car.Utah_AGRC-HRO_15.0cm_12TVK220980-CROP.00275.03409.000.png,256,256,car,50,118,66,152
car.Utah_AGRC-HRO_15.0cm_12TVK220980-CROP.00275.03409.000.png,256,256,car,32,83,50,119
car.Utah_AGRC-HRO_15.0cm_12TVK220980-CROP.00275.03409.000.png,256,256,car,32,120,49,156
car.Utah_AGRC-HRO_15.0cm_12TVK220980-CROP.00303.00956.000.png,256,256,car,121,108,139,149
car.Utah_AGRC-HRO_15.0cm_12TVK220980-CROP.00327.06184.000.png,256,256,car,120,110,136,146
car.Utah_AGRC-HRO_15.0cm_12TVK220980-CROP.00327.06184.000.png,256,256,car,61,143,81,179
car.Utah_AGRC-HRO_15.0cm_12TVK220980-CROP.00330.02500.000.png,256,256,car,119,108,140,147
car.Utah_AGRC-HRO_15.0cm_12TVK220980-CROP.00335.02652.000.png,256,256,car,121,106,140,145
car.Utah_AGRC-HRO_15.0cm_12TVK220980-CROP.00342.06451.000.png,256,256,car,45,102,62,136
car.Utah_AGRC-HRO_15.0cm_12TVK220980-CROP.00342.06451.000.png,256,256,car,117,112,149,143
car.Utah_AGRC-HRO_15.0cm_12TVK220980-CROP.00343.01313.000.png,256,256,car,119,104,139,144
car.Utah_AGRC-HRO_15.0cm_12TVK220980-CROP.00420.00723.000.png,256,256,car,129,100,149,116
car.Utah_AGRC-HRO_15.0cm_12TVK220980-CROP.00420.00723.000.png,256,256,car,117,119,150,135
car.Utah_AGRC-HRO_15.0cm_12TVK220980-CROP.00420.00723.000.png,256,256,car,152,121,193,137
car.Utah_AGRC-HRO_15.0cm_12TVK220980-CROP.00451.05338.000.png,256,256,car,119,120,152,138
car.Utah_AGRC-HRO_15.0cm_12TVK220980-CROP.00462.06392.000.png,256,256,car,120,108,142,149
car.Utah_AGRC-HRO_15.0cm_12TVK220980-CROP.00462.06392.000.png,256,256,car,150,107,167,147
car.Utah_AGRC-HRO_15.0cm_12TVK220980-CROP.00497.05399.000.png,256,256,car,72,58,105,77
car.Utah_AGRC-HRO_15.0cm_12TVK220980-CROP.00517.01903.000.png,256,256,car,116,117,151,139
car.Utah_AGRC-HRO_15.0cm_12TVK220980-CROP.00651.04468.000.png,256,256,car,109,115,151,140
car.Utah_AGRC-HRO_15.0cm_12TVK220980-CROP.00651.04468.000.png,256,256,car,64,117,108,138
car.Utah_AGRC-HRO_15.0cm_12TVK220980-CROP.00664.03236.000.png,256,256,car,120,114,136,140
car.Utah_AGRC-HRO_15.0cm_12TVK220980-CROP.00666.05858.000.png,256,256,car,111,113,145,137
car.Utah_AGRC-HRO_15.0cm_12TVK220980-CROP.00671.02925.000.png,256,256,car,54,43,88,68
car.Utah_AGRC-HRO_15.0cm_12TVK220980-CROP.00671.02925.000.png,256,256,car,150,98,177,133
car.Utah_AGRC-HRO_15.0cm_12TVK220980-CROP.00671.02925.000.png,256,256,car,119,108,140,144
car.Utah_AGRC-HRO_15.0cm_12TVK220980-CROP.00698.01329.000.png,256,256,car,101,112,118,145
car.Utah_AGRC-HRO_15.0cm_12TVK220980-CROP.00698.01329.000.png,256,256,car,122,114,138,146
car.Utah_AGRC-HRO_15.0cm_12TVK220980-CROP.00698.01329.000.png,256,256,car,109,30,138,63
car.Utah_AGRC-HRO_15.0cm_12TVK220980-CROP.00698.01329.000.png,256,256,car,199,30,217,61
car.Utah_AGRC-HRO_15.0cm_12TVK220980-CROP.00698.01329.000.png,256,256,car,202,72,221,115
car.Utah_AGRC-HRO_15.0cm_12TVK220980-CROP.00723.04083.000.png,256,256,car,120,111,138,144
car.Utah_AGRC-HRO_15.0cm_12TVK220980-CROP.00737.06219.000.png,256,256,car,179,84,197,115
car.Utah_AGRC-HRO_15.0cm_12TVK220980-CROP.00737.06219.000.png,256,256,car,111,120,144,137
car.Utah_AGRC-HRO_15.0cm_12TVK220980-CROP.00737.06219.000.png,256,256,car,113,140,153,160
car.Utah_AGRC-HRO_15.0cm_12TVK220980-CROP.00873.02998.000.png,256,256,car,112,113,146,141
car.Utah_AGRC-HRO_15.0cm_12TVK220980-CROP.00873.02998.000.png,256,256,car,172,120,205,155
car.Utah_AGRC-HRO_15.0cm_12TVK220980-CROP.01134.03123.000.png,256,256,car,23,181,47,217
car.Utah_AGRC-HRO_15.0cm_12TVK220980-CROP.01134.03123.000.png,256,256,car,57,46,81,82
car.Utah_AGRC-HRO_15.0cm_12TVK220980-CROP.01224.06225.000.png,256,256,car,110,117,147,136
car.Utah_AGRC-HRO_15.0cm_12TVK220980-CROP.01227.05788.000.png,256,256,car,137,107,167,139
car.Utah_AGRC-HRO_15.0cm_12TVK220980-CROP.01227.05788.000.png,256,256,car,112,109,145,143
car.Utah_AGRC-HRO_15.0cm_12TVK220980-CROP.01241.01765.000.png,256,256,car,108,118,148,136
car.Utah_AGRC-HRO_15.0cm_12TVK220980-CROP.01289.02710.000.png,256,256,car,119,108,140,144
car.Utah_AGRC-HRO_15.0cm_12TVK220980-CROP.01289.02710.000.png,256,256,car,68,174,104,193
car.Utah_AGRC-HRO_15.0cm_12TVK220980-CROP.01289.02710.000.png,256,256,car,31,171,60,189
car.Utah_AGRC-HRO_15.0cm_12TVK220980-CROP.01290.04703.000.png,256,256,car,120,109,141,147
car.Utah_AGRC-HRO_15.0cm_12TVK220980-CROP.01345.04851.000.png,256,256,car,106,118,143,138
car.Utah_AGRC-HRO_15.0cm_12TVK220980-CROP.01354.03358.000.png,256,256,car,107,115,146,137
car.Utah_AGRC-HRO_15.0cm_12TVK220980-CROP.01354.03358.000.png,256,256,car,118,64,163,89
car.Utah_AGRC-HRO_15.0cm_12TVK220980-CROP.01354.03358.000.png,256,256,car,167,40,211,67
car.Utah_AGRC-HRO_15.0cm_12TVK220980-CROP.01367.03308.000.png,256,256,car,94,167,131,188
car.Utah_AGRC-HRO_15.0cm_12TVK220980-CROP.01367.03308.000.png,256,256,car,105,115,149,138
car.Utah_AGRC-HRO_15.0cm_12TVK220980-CROP.01367.03308.000.png,256,256,car,154,66,188,86
car.Utah_AGRC-HRO_15.0cm_12TVK220980-CROP.01367.03308.000.png,256,256,car,155,89,197,118
car.Utah_AGRC-HRO_15.0cm_12TVK220980-CROP.01391.02076.000.png,256,256,car,109,114,147,137
car.Utah_AGRC-HRO_15.0cm_12TVK220980-CROP.01391.02076.000.png,256,256,car,82,136,119,161
car.Utah_AGRC-HRO_15.0cm_12TVK220980-CROP.01404.02952.000.png,256,256,car,110,117,144,136
car.Utah_AGRC-HRO_15.0cm_12TVK220980-CROP.01431.05468.000.png,256,256,car,125,43,164,81
car.Utah_AGRC-HRO_15.0cm_12TVK220980-CROP.01431.05468.000.png,256,256,car,128,73,161,108
car.Utah_AGRC-HRO_15.0cm_12TVK220980-CROP.01431.05468.000.png,256,256,car,112,107,148,147
car.Utah_AGRC-HRO_15.0cm_12TVK220980-CROP.01431.05468.000.png,256,256,car,137,111,166,151
car.Utah_AGRC-HRO_15.0cm_12TVK220980-CROP.01435.03129.000.png,256,256,car,191,179,208,217
car.Utah_AGRC-HRO_15.0cm_12TVK220980-CROP.01435.03129.000.png,256,256,car,147,142,165,180
car.Utah_AGRC-HRO_15.0cm_12TVK220980-CROP.01435.03129.000.png,256,256,car,77,100,117,120
car.Utah_AGRC-HRO_15.0cm_12TVK220980-CROP.01435.03129.000.png,256,256,car,112,107,149,143
car.Utah_AGRC-HRO_15.0cm_12TVK220980-CROP.01446.05434.000.png,256,256,car,109,79,151,113
car.Utah_AGRC-HRO_15.0cm_12TVK220980-CROP.01446.05434.000.png,256,256,car,111,109,146,142
car.Utah_AGRC-HRO_15.0cm_12TVK220980-CROP.01446.05434.000.png,256,256,car,96,145,132,184
car.Utah_AGRC-HRO_15.0cm_12TVK220980-CROP.01446.05434.000.png,256,256,car,122,147,151,188
car.Utah_AGRC-HRO_15.0cm_12TVK220980-CROP.01447.02732.000.png,256,256,car,141,82,161,130
car.Utah_AGRC-HRO_15.0cm_12TVK220980-CROP.01447.02732.000.png,256,256,car,121,81,137,108
car.Utah_AGRC-HRO_15.0cm_12TVK220980-CROP.01447.02732.000.png,256,256,car,119,107,140,144
car.Utah_AGRC-HRO_15.0cm_12TVK220980-CROP.01447.02732.000.png,256,256,car,182,156,216,178
car.Utah_AGRC-HRO_15.0cm_12TVK220980-CROP.01467.03618.000.png,256,256,car,120,113,137,146
car.Utah_AGRC-HRO_15.0cm_12TVK220980-CROP.01467.03618.000.png,256,256,car,144,155,163,197
car.Utah_AGRC-HRO_15.0cm_12TVK220980-CROP.01610.04210.000.png,256,256,car,119,107,142,145
car.Utah_AGRC-HRO_15.0cm_12TVK220980-CROP.01610.04210.000.png,256,256,car,174,194,194,228
car.Utah_AGRC-HRO_15.0cm_12TVK220980-CROP.01667.04293.000.png,256,256,car,117,110,137,147
car.Utah_AGRC-HRO_15.0cm_12TVK220980-CROP.01667.04293.000.png,256,256,car,61,30,84,66
car.Utah_AGRC-HRO_15.0cm_12TVK220980-CROP.01714.04114.000.png,256,256,car,112,103,149,147
car.Utah_AGRC-HRO_15.0cm_12TVK220980-CROP.01891.06431.000.png,256,256,car,106,114,149,138
car.Utah_AGRC-HRO_15.0cm_12TVK220980-CROP.01933.06207.000.png,256,256,car,110,116,144,141
car.Utah_AGRC-HRO_15.0cm_12TVK220980-CROP.02390.04583.000.png,256,256,car,136,150,155,187
car.Utah_AGRC-HRO_15.0cm_12TVK220980-CROP.02390.04583.000.png,256,256,car,121,107,136,143
car.Utah_AGRC-HRO_15.0cm_12TVK220980-CROP.02408.00853.000.png,256,256,car,110,108,148,144
car.Utah_AGRC-HRO_15.0cm_12TVK220980-CROP.02408.04624.000.png,256,256,car,120,108,137,145
car.Utah_AGRC-HRO_15.0cm_12TVK220980-CROP.02408.04624.000.png,256,256,car,103,67,118,103
car.Utah_AGRC-HRO_15.0cm_12TVK220980-CROP.02417.05151.000.png,256,256,car,121,111,139,149
car.Utah_AGRC-HRO_15.0cm_12TVK220980-CROP.02429.00458.000.png,256,256,car,191,130,210,182
car.Utah_AGRC-HRO_15.0cm_12TVK220980-CROP.02429.00458.000.png,256,256,car,110,115,147,143
car.Utah_AGRC-HRO_15.0cm_12TVK220980-CROP.02437.04111.000.png,256,256,car,117,104,142,144
car.Utah_AGRC-HRO_15.0cm_12TVK220980-CROP.02528.00957.000.png,256,256,car,114,107,144,145
car.Utah_AGRC-HRO_15.0cm_12TVK220980-CROP.02528.00957.000.png,256,256,car,192,30,224,55
car.Utah_AGRC-HRO_15.0cm_12TVK220980-CROP.02580.05994.000.png,256,256,car,111,113,150,137
car.Utah_AGRC-HRO_15.0cm_12TVK220980-CROP.02596.04606.000.png,256,256,car,118,107,137,144
car.Utah_AGRC-HRO_15.0cm_12TVK220980-CROP.02596.04606.000.png,256,256,car,127,68,144,100
car.Utah_AGRC-HRO_15.0cm_12TVK220980-CROP.02596.05372.000.png,256,256,car,115,50,149,68
car.Utah_AGRC-HRO_15.0cm_12TVK220980-CROP.02596.05372.000.png,256,256,car,113,86,157,108
car.Utah_AGRC-HRO_15.0cm_12TVK220980-CROP.02596.05372.000.png,256,256,car,111,116,148,138
car.Utah_AGRC-HRO_15.0cm_12TVK220980-CROP.02596.06467.000.png,256,256,car,34,103,65,130
car.Utah_AGRC-HRO_15.0cm_12TVK220980-CROP.02596.06467.000.png,256,256,car,117,110,139,142
car.Utah_AGRC-HRO_15.0cm_12TVK220980-CROP.02596.06467.000.png,256,256,car,61,29,79,65
car.Utah_AGRC-HRO_15.0cm_12TVK220980-CROP.02601.04563.000.png,256,256,car,114,149,132,187
car.Utah_AGRC-HRO_15.0cm_12TVK220980-CROP.02601.04563.000.png,256,256,car,121,110,139,143
car.Utah_AGRC-HRO_15.0cm_12TVK220980-CROP.02969.03226.000.png,256,256,car,121,111,136,144
car.Utah_AGRC-HRO_15.0cm_12TVK220980-CROP.02975.03328.000.png,256,256,car,119,111,138,148
car.Utah_AGRC-HRO_15.0cm_12TVK220980-CROP.02975.03328.000.png,256,256,car,115,30,131,43
car.Utah_AGRC-HRO_15.0cm_12TVK220980-CROP.03015.02223.000.png,256,256,car,119,109,140,150
car.Utah_AGRC-HRO_15.0cm_12TVK220980-CROP.03070.01826.000.png,256,256,car,120,113,137,150
car.Utah_AGRC-HRO_15.0cm_12TVK220980-CROP.03121.02413.000.png,256,256,car,119,113,137,147
car.Utah_AGRC-HRO_15.0cm_12TVK220980-CROP.03121.02413.000.png,256,256,car,158,128,174,163
car.Utah_AGRC-HRO_15.0cm_12TVK220980-CROP.03121.02413.000.png,256,256,car,184,100,204,139
car.Utah_AGRC-HRO_15.0cm_12TVK220980-CROP.03127.02566.000.png,256,256,car,92,93,110,129
car.Utah_AGRC-HRO_15.0cm_12TVK220980-CROP.03127.02566.000.png,256,256,car,120,110,136,144
car.Utah_AGRC-HRO_15.0cm_12TVK220980-CROP.03192.02121.000.png,256,256,car,118,111,137,146
car.Utah_AGRC-HRO_15.0cm_12TVK220980-CROP.03198.03780.000.png,256,256,car,119,112,139,148
car.Utah_AGRC-HRO_15.0cm_12TVK220980-CROP.03202.01886.000.png,256,256,car,117,116,136,149
car.Utah_AGRC-HRO_15.0cm_12TVK220980-CROP.03295.03443.000.png,256,256,car,117,108,139,143
car.Utah_AGRC-HRO_15.0cm_12TVK220980-CROP.03307.01382.000.png,256,256,car,117,108,140,147
car.Utah_AGRC-HRO_15.0cm_12TVK220980-CROP.03307.01382.000.png,256,256,car,82,149,101,185
car.Utah_AGRC-HRO_15.0cm_12TVK220980-CROP.03327.04803.000.png,256,256,car,118,116,141,151
car.Utah_AGRC-HRO_15.0cm_12TVK220980-CROP.03327.04803.000.png,256,256,car,156,62,178,98
car.Utah_AGRC-HRO_15.0cm_12TVK220980-CROP.03333.02787.000.png,256,256,car,119,106,137,142
car.Utah_AGRC-HRO_15.0cm_12TVK220980-CROP.03333.02787.000.png,256,256,car,72,43,90,79
car.Utah_AGRC-HRO_15.0cm_12TVK220980-CROP.03333.02787.000.png,256,256,car,97,31,114,51
car.Utah_AGRC-HRO_15.0cm_12TVK220980-CROP.03342.01242.000.png,256,256,car,116,109,139,147
car.Utah_AGRC-HRO_15.0cm_12TVK220980-CROP.03357.02388.000.png,256,256,car,89,129,108,168
car.Utah_AGRC-HRO_15.0cm_12TVK220980-CROP.03357.02388.000.png,256,256,car,121,110,135,145
car.Utah_AGRC-HRO_15.0cm_12TVK220980-CROP.03357.02388.000.png,256,256,car,126,50,142,83
car.Utah_AGRC-HRO_15.0cm_12TVK220980-CROP.03362.05389.000.png,256,256,car,117,115,144,149
car.Utah_AGRC-HRO_15.0cm_12TVK220980-CROP.03362.05389.000.png,256,256,car,175,140,195,176
car.Utah_AGRC-HRO_15.0cm_12TVK220980-CROP.03363.02323.000.png,256,256,car,85,195,101,226
car.Utah_AGRC-HRO_15.0cm_12TVK220980-CROP.03363.02323.000.png,256,256,car,100,41,115,75
car.Utah_AGRC-HRO_15.0cm_12TVK220980-CROP.03363.02323.000.png,256,256,car,114,174,129,211
car.Utah_AGRC-HRO_15.0cm_12TVK220980-CROP.03363.02323.000.png,256,256,car,120,113,136,148
car.Utah_AGRC-HRO_15.0cm_12TVK220980-CROP.03363.02323.000.png,256,256,car,125,78,139,114
car.Utah_AGRC-HRO_15.0cm_12TVK220980-CROP.03363.02323.000.png,256,256,car,127,44,145,79
car.Utah_AGRC-HRO_15.0cm_12TVK220980-CROP.04019.02169.000.png,256,256,car,108,108,143,144
car.Utah_AGRC-HRO_15.0cm_12TVK220980-CROP.04022.00112.030.png,256,256,car,116,113,143,142
car.Utah_AGRC-HRO_15.0cm_12TVK220980-CROP.04028.06279.000.png,256,256,car,115,103,141,141
car.Utah_AGRC-HRO_15.0cm_12TVK220980-CROP.04033.02721.000.png,256,256,car,113,119,149,138
car.Utah_AGRC-HRO_15.0cm_12TVK220980-CROP.04071.02957.000.png,256,256,car,111,111,147,141
car.Utah_AGRC-HRO_15.0cm_12TVK220980-CROP.04203.01156.000.png,256,256,car,111,108,142,147
car.Utah_AGRC-HRO_15.0cm_12TVK220980-CROP.04269.00887.000.png,256,256,car,116,114,144,147
car.Utah_AGRC-HRO_15.0cm_12TVK220980-CROP.05342.06385.000.png,256,256,car,109,117,144,136
car.Utah_AGRC-HRO_15.0cm_12TVK220980-CROP.05342.06385.000.png,256,256,car,111,60,147,80
car.Utah_AGRC-HRO_15.0cm_12TVK220980-CROP.05342.06385.000.png,256,256,car,109,29,142,45
car.Utah_AGRC-HRO_15.0cm_12TVK220980-CROP.05342.06385.000.png,256,256,car,109,153,145,172
car.Utah_AGRC-HRO_15.0cm_12TVK220980-CROP.05342.06385.000.png,256,256,car,113,174,151,192
car.Utah_AGRC-HRO_15.0cm_12TVK220980-CROP.05342.06385.000.png,256,256,car,109,191,144,212
car.Utah_AGRC-HRO_15.0cm_12TVK220980-CROP.05342.06385.000.png,256,256,car,204,108,225,125
car.Utah_AGRC-HRO_15.0cm_12TVK220980-CROP.05342.06385.000.png,256,256,car,203,148,225,164
car.Utah_AGRC-HRO_15.0cm_12TVK220980-CROP.05342.06385.000.png,256,256,car,203,166,225,182
car.Utah_AGRC-HRO_15.0cm_12TVK220980-CROP.05342.06385.000.png,256,256,car,201,198,225,217
car.Utah_AGRC-HRO_15.0cm_12TVK220980-CROP.05345.06440.000.png,256,256,car,106,63,140,81
car.Utah_AGRC-HRO_15.0cm_12TVK220980-CROP.05345.06440.000.png,256,256,car,106,98,143,118
car.Utah_AGRC-HRO_15.0cm_12TVK220980-CROP.05345.06440.000.png,256,256,car,108,120,147,138
car.Utah_AGRC-HRO_15.0cm_12TVK220980-CROP.05345.06440.000.png,256,256,car,105,138,141,155
car.Utah_AGRC-HRO_15.0cm_12TVK220980-CROP.05345.06440.000.png,256,256,car,200,54,225,71
car.Utah_AGRC-HRO_15.0cm_12TVK220980-CROP.05345.06440.000.png,256,256,car,198,92,225,110
car.Utah_AGRC-HRO_15.0cm_12TVK220980-CROP.05345.06440.000.png,256,256,car,199,110,225,128
car.Utah_AGRC-HRO_15.0cm_12TVK220980-CROP.05345.06440.000.png,256,256,car,198,145,226,163
car.Utah_AGRC-HRO_15.0cm_12TVK220980-CROP.05345.06440.000.png,256,256,car,192,162,225,181
car.Utah_AGRC-HRO_15.0cm_12TVK220980-CROP.05345.06440.000.png,256,256,car,193,200,225,219
car.Utah_AGRC-HRO_15.0cm_12TVK220980-CROP.05429.06431.000.png,256,256,car,116,63,152,81
car.Utah_AGRC-HRO_15.0cm_12TVK220980-CROP.05429.06431.000.png,256,256,car,114,101,147,118
car.Utah_AGRC-HRO_15.0cm_12TVK220980-CROP.05429.06431.000.png,256,256,car,115,120,149,136
car.Utah_AGRC-HRO_15.0cm_12TVK220980-CROP.05429.06431.000.png,256,256,car,114,153,146,170
car.Utah_AGRC-HRO_15.0cm_12TVK220980-CROP.05429.06431.000.png,256,256,car,107,173,147,189
car.Utah_AGRC-HRO_15.0cm_12TVK220980-CROP.05429.06431.000.png,256,256,car,108,206,150,225
car.Utah_AGRC-HRO_15.0cm_12TVK220980-CROP.05429.06431.000.png,256,256,car,30,74,54,89
car.Utah_AGRC-HRO_15.0cm_12TVK220980-CROP.05429.06431.000.png,256,256,car,29,110,57,125
car.Utah_AGRC-HRO_15.0cm_12TVK220980-CROP.05429.06431.000.png,256,256,car,29,128,62,146
car.Utah_AGRC-HRO_15.0cm_12TVK220980-CROP.05429.06431.000.png,256,256,car,29,148,56,163
car.Utah_AGRC-HRO_15.0cm_12TVK220980-CROP.05526.00290.000.png,256,256,car,96,190,114,224
car.Utah_AGRC-HRO_15.0cm_12TVK220980-CROP.05526.00290.000.png,256,256,car,114,186,128,219
car.Utah_AGRC-HRO_15.0cm_12TVK220980-CROP.05526.00290.000.png,256,256,car,136,187,151,223
car.Utah_AGRC-HRO_15.0cm_12TVK220980-CROP.05526.00290.000.png,256,256,car,137,152,150,180
car.Utah_AGRC-HRO_15.0cm_12TVK220980-CROP.05526.00290.000.png,256,256,car,121,155,137,185
car.Utah_AGRC-HRO_15.0cm_12TVK220980-CROP.05526.00290.000.png,256,256,car,104,154,121,188
car.Utah_AGRC-HRO_15.0cm_12TVK220980-CROP.05526.00290.000.png,256,256,car,122,93,157,108
car.Utah_AGRC-HRO_15.0cm_12TVK220980-CROP.05526.00290.000.png,256,256,car,109,134,143,151
car.Utah_AGRC-HRO_15.0cm_12TVK220980-CROP.05770.01170.000.png,256,256,car,42,86,68,128
car.Utah_AGRC-HRO_15.0cm_12TVK220980-CROP.05770.01170.000.png,256,256,car,79,101,101,137
car.Utah_AGRC-HRO_15.0cm_12TVK220980-CROP.05770.01170.000.png,256,256,car,132,114,155,152
car.Utah_AGRC-HRO_15.0cm_12TVK220980-CROP.05770.01170.000.png,256,256,car,95,103,118,146
car.Utah_AGRC-HRO_15.0cm_12TVK220980-CROP.05770.01170.000.png,256,256,car,116,108,137,144
car.Utah_AGRC-HRO_15.0cm_12TVK220980-CROP.05918.01865.000.png,256,256,car,155,175,192,197
car.Utah_AGRC-HRO_15.0cm_12TVK220980-CROP.06292.02347.000.png,256,256,car,109,115,144,140
car.Utah_AGRC-HRO_15.0cm_12TVK220980-CROP.06292.02347.000.png,256,256,car,59,205,95,226
car.Utah_AGRC-HRO_15.0cm_12TVK220980-CROP.06311.05268.000.png,256,256,car,127,174,148,217
car.Utah_AGRC-HRO_15.0cm_12TVK220980-CROP.06311.05268.000.png,256,256,car,118,111,144,151
car.Utah_AGRC-HRO_15.0cm_12TVK220980-CROP.06311.05268.000.png,256,256,car,150,78,185,96
car.Utah_AGRC-HRO_15.0cm_12TVK220980-CROP.06311.05268.000.png,256,256,car,194,80,235,97
car.Utah_AGRC-HRO_15.0cm_12TVK220980-CROP.06311.05268.000.png,256,256,car,218,51,256,74
car.Utah_AGRC-HRO_15.0cm_12TVK220980-CROP.06311.05268.000.png,256,256,car,125,1,140,17
car.Utah_AGRC-HRO_15.0cm_12TVK220980-CROP.06350.05227.000.png,256,256,car,87,216,108,255
car.Utah_AGRC-HRO_15.0cm_12TVK220980-CROP.06350.05227.000.png,256,256,car,81,152,103,192
car.Utah_AGRC-HRO_15.0cm_12TVK220980-CROP.06350.05227.000.png,256,256,car,110,120,149,136
car.Utah_AGRC-HRO_15.0cm_12TVK220980-CROP.06350.05227.000.png,256,256,car,156,119,192,134
car.Utah_AGRC-HRO_15.0cm_12TVK220980-CROP.06350.05227.000.png,256,256,car,203,127,222,168
car.Utah_AGRC-HRO_15.0cm_12TVK220980-CROP.06350.05227.000.png,256,256,car,179,94,222,113
car.Utah_AGRC-HRO_15.0cm_12TVK220980-CROP.06350.05227.000.png,256,256,car,83,25,101,60
car.Utah_AGRC-HRO_15.0cm_12TVK220980-CROP.06350.05227.000.png,256,256,car,102,22,117,51
car.Utah_AGRC-HRO_15.0cm_12TVK220980-CROP.06350.05227.000.png,256,256,car,118,15,138,59
car.Utah_AGRC-HRO_15.0cm_12TVK220980-CROP.06350.05227.000.png,256,256,car,234,94,256,111
car.Utah_AGRC-HRO_15.0cm_12TVK220980-CROP.06350.05227.000.png,256,256,car,242,66,256,83
car.Utah_AGRC-HRO_15.0cm_12TVK220980-CROP.06351.06762.000.png,256,256,car,60,77,78,113
car.Utah_AGRC-HRO_15.0cm_12TVK220980-CROP.06351.06762.000.png,256,256,car,79,79,94,110
car.Utah_AGRC-HRO_15.0cm_12TVK220980-CROP.06351.06762.000.png,256,256,car,120,71,141,113
car.Utah_AGRC-HRO_15.0cm_12TVK220980-CROP.06351.06762.000.png,256,256,car,163,79,181,110
car.Utah_AGRC-HRO_15.0cm_12TVK220980-CROP.06351.06762.000.png,256,256,car,180,76,198,111
car.Utah_AGRC-HRO_15.0cm_12TVK220980-CROP.06351.06762.000.png,256,256,car,198,76,216,113
car.Utah_AGRC-HRO_15.0cm_12TVK220980-CROP.06351.06762.000.png,256,256,car,62,115,77,141
car.Utah_AGRC-HRO_15.0cm_12TVK220980-CROP.06351.06762.000.png,256,256,car,80,112,95,139
car.Utah_AGRC-HRO_15.0cm_12TVK220980-CROP.06351.06762.000.png,256,256,car,101,113,117,140
car.Utah_AGRC-HRO_15.0cm_12TVK220980-CROP.06351.06762.000.png,256,256,car,140,113,157,141
car.Utah_AGRC-HRO_15.0cm_12TVK220980-CROP.06351.06762.000.png,256,256,car,161,113,176,140
car.Utah_AGRC-HRO_15.0cm_12TVK220980-CROP.06351.06762.000.png,256,256,car,179,114,196,141
car.Utah_AGRC-HRO_15.0cm_12TVK220980-CROP.06394.05053.000.png,256,256,car,107,120,149,138
car.Utah_AGRC-HRO_15.0cm_12TVK220980-CROP.06394.05053.000.png,256,256,car,57,69,79,111
car.Utah_AGRC-HRO_15.0cm_12TVK220980-CROP.06394.05053.000.png,256,256,car,42,197,57,226
car.Utah_AGRC-HRO_15.0cm_12TVK220980-CROP.06394.05053.000.png,256,256,car,59,194,75,225
car.Utah_AGRC-HRO_15.0cm_12TVK220980-CROP.06394.05053.000.png,256,256,car,75,192,92,223
car.Utah_AGRC-HRO_15.0cm_12TVK220980-CROP.06455.02028.000.png,256,256,car,64,113,83,152
car.Utah_AGRC-HRO_15.0cm_12TVK220980-CROP.06455.02028.000.png,256,256,car,82,109,100,150
car.Utah_AGRC-HRO_15.0cm_12TVK220980-CROP.06455.02028.000.png,256,256,car,102,113,119,148
car.Utah_AGRC-HRO_15.0cm_12TVK220980-CROP.06455.02028.000.png,256,256,car,120,113,136,144
car.Utah_AGRC-HRO_15.0cm_12TVK220980-CROP.06455.02028.000.png,256,256,car,139,113,156,148
car.Utah_AGRC-HRO_15.0cm_12TVK220980-CROP.06455.02028.000.png,256,256,car,155,115,175,154
car.Utah_AGRC-HRO_15.0cm_12TVK220980-CROP.06455.02028.000.png,256,256,car,176,115,189,147
car.Utah_AGRC-HRO_15.0cm_12TVK220980-CROP.06455.02028.000.png,256,256,car,191,115,211,154
car.Utah_AGRC-HRO_15.0cm_12TVK220980-CROP.06456.01566.000.png,256,256,car,111,116,148,137
car.Utah_AGRC-HRO_15.0cm_12TVK220980-CROP.06456.01566.000.png,256,256,car,100,153,142,178
car.Utah_AGRC-HRO_15.0cm_12TVK220980-CROP.06456.01566.000.png,256,256,car,93,187,138,212
car.Utah_AGRC-HRO_15.0cm_12TVK220980-CROP.06456.01566.000.png,256,256,car,87,205,122,227
car.Utah_AGRC-HRO_15.0cm_12TVK220980-CROP.06475.02030.000.png,256,256,car,173,114,190,150
car.Utah_AGRC-HRO_15.0cm_12TVK220980-CROP.06475.02030.000.png,256,256,car,154,115,171,145
car.Utah_AGRC-HRO_15.0cm_12TVK220980-CROP.06475.02030.000.png,256,256,car,136,112,156,151
car.Utah_AGRC-HRO_15.0cm_12TVK220980-CROP.06475.02030.000.png,256,256,car,119,111,137,145
car.Utah_AGRC-HRO_15.0cm_12TVK220980-CROP.06475.02030.000.png,256,256,car,101,110,116,141
car.Utah_AGRC-HRO_15.0cm_12TVK220980-CROP.06475.02030.000.png,256,256,car,82,111,99,146
car.Utah_AGRC-HRO_15.0cm_12TVK220980-CROP.06475.02030.000.png,256,256,car,64,108,81,149
car.Utah_AGRC-HRO_15.0cm_12TVK220980-CROP.06475.02030.000.png,256,256,car,44,110,64,150
car.Utah_AGRC-HRO_15.0cm_12TVK220980-CROP.06497.03838.000.png,256,256,car,37,184,65,216
car.Utah_AGRC-HRO_15.0cm_12TVK220980-CROP.06497.03838.000.png,256,256,car,70,178,99,211
car.Utah_AGRC-HRO_15.0cm_12TVK220980-CROP.06497.03838.000.png,256,256,car,90,147,120,179
car.Utah_AGRC-HRO_15.0cm_12TVK220980-CROP.06497.03838.000.png,256,256,car,117,111,149,142
car.Utah_AGRC-HRO_15.0cm_12TVK220980-CROP.06497.03838.000.png,256,256,car,148,78,177,108
car.Utah_AGRC-HRO_15.0cm_12TVK220980-CROP.06497.03838.000.png,256,256,car,177,39,207,72
car.Utah_AGRC-HRO_15.0cm_12TVK220980-CROP.06497.03838.000.png,256,256,car,174,110,203,141
car.Utah_AGRC-HRO_15.0cm_12TVK220980-CROP.06497.03838.000.png,256,256,car,201,75,225,109
car.Utah_AGRC-HRO_15.0cm_12TVK220980-CROP.06497.03838.000.png,256,256,car,137,172,175,194
car.Utah_AGRC-HRO_15.0cm_12TVK220980-CROP.06497.03838.000.png,256,256,car,128,194,173,212
car.Utah_AGRC-HRO_15.0cm_12TVK220980-CROP.06497.03838.000.png,256,256,car,135,216,170,224
car.Utah_AGRC-HRO_15.0cm_12TVK220980-CROP.06504.04229.000.png,256,256,car,108,119,146,134
car.Utah_AGRC-HRO_15.0cm_12TVK220980-CROP.06504.04229.000.png,256,256,car,166,13,187,49
car.Utah_AGRC-HRO_15.0cm_12TVK220980-CROP.06504.04229.000.png,256,256,car,184,4,207,45
car.Utah_AGRC-HRO_15.0cm_12TVK220980-CROP.06504.04229.000.png,256,256,car,205,6,223,43
car.Utah_AGRC-HRO_15.0cm_12TVK220980-CROP.06504.04229.000.png,256,256,car,224,5,243,39
car.Utah_AGRC-HRO_15.0cm_12TVK220980-CROP.06674.00476.000.png,256,256,car,82,103,103,142
car.Utah_AGRC-HRO_15.0cm_12TVK220980-CROP.06674.00476.000.png,256,256,car,138,106,157,142
car.Utah_AGRC-HRO_15.0cm_12TVK220980-CROP.06674.00476.000.png,256,256,car,194,189,228,207
car.Utah_AGRC-HRO_15.0cm_12TVK220980-CROP.06674.00476.000.png,256,256,car,191,224,227,242
car.Utah_AGRC-HRO_15.0cm_12TVK220980-CROP.06683.03461.030.png,256,256,car,31,157,56,178
car.Utah_AGRC-HRO_15.0cm_12TVK220980-CROP.06683.03461.030.png,256,256,car,69,134,103,159
car.Utah_AGRC-HRO_15.0cm_12TVK220980-CROP.06683.03461.030.png,256,256,car,114,115,147,139
car.Utah_AGRC-HRO_15.0cm_12TVK220980-CROP.06683.03461.030.png,256,256,car,167,85,208,115
car.Utah_AGRC-HRO_15.0cm_12TVK220980-CROP.06683.03461.030.png,256,256,car,212,72,225,90
car.Utah_AGRC-HRO_15.0cm_12TVK220980-CROP.06751.06361.000.png,256,256,car,62,112,79,149
car.Utah_AGRC-HRO_15.0cm_12TVK220980-CROP.06751.06361.000.png,256,256,car,82,113,98,148
car.Utah_AGRC-HRO_15.0cm_12TVK220980-CROP.06751.06361.000.png,256,256,car,1,114,7,139
car.Utah_AGRC-HRO_15.0cm_12TVK220980-CROP.06751.06361.000.png,256,256,car,119,115,139,145
car.Utah_AGRC-HRO_15.0cm_12TVK220980-CROP.06753.00524.000.png,256,256,car,57,57,79,94
car.Utah_AGRC-HRO_15.0cm_12TVK220980-CROP.06753.00524.000.png,256,256,car,4,56,24,93
car.Utah_AGRC-HRO_15.0cm_12TVK220980-CROP.06753.00524.000.png,256,256,car,39,57,56,92
car.Utah_AGRC-HRO_15.0cm_12TVK220980-CROP.06753.00524.000.png,256,256,car,111,119,145,135
car.Utah_AGRC-HRO_15.0cm_12TVK220980-CROP.06753.00524.000.png,256,256,car,112,140,150,158
car.Utah_AGRC-HRO_15.0cm_12TVK220980-CROP.06753.00524.000.png,256,256,car,111,172,150,195
car.Utah_AGRC-HRO_15.0cm_12TVK220980-CROP.06753.00524.000.png,256,256,car,115,213,149,231
car.Utah_AGRC-HRO_15.0cm_12TVK220980-CROP.06753.00524.000.png,256,256,car,114,234,149,248
car.Utah_AGRC-HRO_15.0cm_12TVL120100-CROP.04191.04127.000.png,256,256,car,113,98,154,114
car.Utah_AGRC-HRO_15.0cm_12TVL120100-CROP.04191.04127.000.png,256,256,car,109,120,152,136
car.Utah_AGRC-HRO_15.0cm_12TVL120100-CROP.04191.04127.000.png,256,256,car,113,139,155,154
car.Utah_AGRC-HRO_15.0cm_12TVL120100-CROP.04191.04127.000.png,256,256,car,112,157,153,174
car.Utah_AGRC-HRO_15.0cm_12TVL120100-CROP.04191.04127.000.png,256,256,car,113,176,156,193
car.Utah_AGRC-HRO_15.0cm_12TVL120100-CROP.04191.04127.000.png,256,256,car,210,101,246,121
car.Utah_AGRC-HRO_15.0cm_12TVL120100-CROP.04191.04127.000.png,256,256,car,207,64,247,84
car.Utah_AGRC-HRO_15.0cm_12TVL120100-CROP.04191.04127.000.png,256,256,car,198,17,245,34
car.Utah_AGRC-HRO_15.0cm_12TVL120100-CROP.04191.04127.000.png,256,256,car,114,1,162,14
car.Utah_AGRC-HRO_15.0cm_12TVL120100-CROP.05290.03765.000.png,256,256,car,122,108,139,141
car.Utah_AGRC-HRO_15.0cm_12TVL120100-CROP.08496.01007.000.png,256,256,car,157,112,173,145
car.Utah_AGRC-HRO_15.0cm_12TVL120100-CROP.08496.01007.000.png,256,256,car,120,110,138,141
car.Utah_AGRC-HRO_15.0cm_12TVL120100-CROP.08496.01007.000.png,256,256,car,78,113,94,153
car.Utah_AGRC-HRO_15.0cm_12TVL160640-CROP.00028.03127.015.png,256,256,car,110,116,148,140
car.Utah_AGRC-HRO_15.0cm_12TVL160640-CROP.02455.04025.000.png,256,256,car,120,112,137,144
car.Utah_AGRC-HRO_15.0cm_12TVL160640-CROP.02455.04025.000.png,256,256,car,149,135,166,161
car.Utah_AGRC-HRO_15.0cm_12TVL160640-CROP.02455.04025.000.png,256,256,car,137,98,156,133
car.Utah_AGRC-HRO_15.0cm_12TVL160640-CROP.02455.04025.000.png,256,256,car,170,129,189,162
car.Utah_AGRC-HRO_15.0cm_12TVL160640-CROP.02455.04025.000.png,256,256,car,190,129,205,159
car.Utah_AGRC-HRO_15.0cm_12TVL160640-CROP.02455.04025.000.png,256,256,car,207,130,221,156
car.Utah_AGRC-HRO_15.0cm_12TVL160640-CROP.02455.04025.000.png,256,256,car,187,95,206,127
car.Utah_AGRC-HRO_15.0cm_12TVL160640-CROP.02561.03322.000.png,256,256,car,106,81,141,97
car.Utah_AGRC-HRO_15.0cm_12TVL160640-CROP.02561.03322.000.png,256,256,car,110,120,143,134
car.Utah_AGRC-HRO_15.0cm_12TVL160640-CROP.02561.03322.000.png,256,256,car,110,137,147,154
car.Utah_AGRC-HRO_15.0cm_12TVL160640-CROP.02561.03322.000.png,256,256,car,215,65,250,83
car.Utah_AGRC-HRO_15.0cm_12TVL160640-CROP.02674.02792.000.png,256,256,car,70,97,109,115
car.Utah_AGRC-HRO_15.0cm_12TVL160640-CROP.02674.02792.000.png,256,256,car,115,116,150,135
car.Utah_AGRC-HRO_15.0cm_12TVL160640-CROP.02674.02792.000.png,256,256,car,113,158,157,177
car.Utah_AGRC-HRO_15.0cm_12TVL160640-CROP.02674.02792.000.png,256,256,car,110,181,145,196
car.Utah_AGRC-HRO_15.0cm_12TVL160640-CROP.02674.02792.000.png,256,256,car,114,199,152,216
car.Utah_AGRC-HRO_15.0cm_12TVL160640-CROP.02674.02792.000.png,256,256,car,64,181,105,200
car.Utah_AGRC-HRO_15.0cm_12TVL160640-CROP.02674.02792.000.png,256,256,car,60,209,105,225
car.Utah_AGRC-HRO_15.0cm_12TVL160640-CROP.03109.02928.000.png,256,256,car,75,74,102,95
car.Utah_AGRC-HRO_15.0cm_12TVL160640-CROP.03109.02928.000.png,256,256,car,71,59,102,77
car.Utah_AGRC-HRO_15.0cm_12TVL160640-CROP.03109.02928.000.png,256,256,car,125,78,146,109
car.Utah_AGRC-HRO_15.0cm_12TVL160640-CROP.03109.02928.000.png,256,256,car,118,111,138,141
car.Utah_AGRC-HRO_15.0cm_12TVL160640-CROP.03109.02928.000.png,256,256,car,132,161,173,179
car.Utah_AGRC-HRO_15.0cm_12TVL160640-CROP.03109.02928.000.png,256,256,car,66,120,100,137
car.Utah_AGRC-HRO_15.0cm_12TVL160640-CROP.03109.02928.000.png,256,256,car,30,115,41,153
car.Utah_AGRC-HRO_15.0cm_12TVL160640-CROP.03109.02928.000.png,256,256,car,139,125,174,140
car.Utah_AGRC-HRO_15.0cm_12TVL160640-CROP.03173.02198.000.png,256,256,car,93,58,110,89
car.Utah_AGRC-HRO_15.0cm_12TVL160640-CROP.03173.02198.000.png,256,256,car,31,91,52,123
car.Utah_AGRC-HRO_15.0cm_12TVL160640-CROP.03173.02198.000.png,256,256,car,66,35,82,62
car.Utah_AGRC-HRO_15.0cm_12TVL160640-CROP.03173.02198.000.png,256,256,car,84,31,97,60
car.Utah_AGRC-HRO_15.0cm_12TVL160640-CROP.03173.02198.000.png,256,256,car,38,34,57,63
car.Utah_AGRC-HRO_15.0cm_12TVL160640-CROP.03173.02198.000.png,256,256,car,185,146,198,175
car.Utah_AGRC-HRO_15.0cm_12TVL160640-CROP.03458.07134.015.png,256,256,car,111,114,148,143
car.Utah_AGRC-HRO_15.0cm_12TVL160640-CROP.03458.07134.015.png,256,256,car,130,161,167,188
car.Utah_AGRC-HRO_15.0cm_12TVL160640-CROP.03458.07134.015.png,256,256,car,148,182,191,214
car.Utah_AGRC-HRO_15.0cm_12TVL160640-CROP.03664.01241.000.png,256,256,car,119,107,139,154
car.Utah_AGRC-HRO_15.0cm_12TVL160640-CROP.03664.01241.000.png,256,256,car,175,108,194,148
car.Utah_AGRC-HRO_15.0cm_12TVL160640-CROP.03718.02589.000.png,256,256,car,42,133,88,159
car.Utah_AGRC-HRO_15.0cm_12TVL160640-CROP.03721.01246.000.png,256,256,car,62,105,82,144
car.Utah_AGRC-HRO_15.0cm_12TVL160640-CROP.03721.01246.000.png,256,256,car,34,33,54,57
car.Utah_AGRC-HRO_15.0cm_12TVL160640-CROP.03721.01246.000.png,256,256,car,118,99,136,141
car.Utah_AGRC-HRO_15.0cm_12TVL160640-CROP.03721.01246.000.png,256,256,car,156,105,178,147
car.Utah_AGRC-HRO_15.0cm_12TVL160640-CROP.03721.01246.000.png,256,256,car,183,30,201,60
car.Utah_AGRC-HRO_15.0cm_12TVL160640-CROP.03721.01246.000.png,256,256,car,200,31,215,61
car.Utah_AGRC-HRO_15.0cm_12TVL160640-CROP.03721.01246.000.png,256,256,car,193,107,213,150
car.Utah_AGRC-HRO_15.0cm_12TVL160640-CROP.03721.01246.000.png,256,256,car,110,31,129,59
car.Utah_AGRC-HRO_15.0cm_12TVL160640-CROP.04342.00155.000.png,256,256,car,30,139,49,152
car.Utah_AGRC-HRO_15.0cm_12TVL160640-CROP.04342.00155.000.png,256,256,car,30,154,55,168
car.Utah_AGRC-HRO_15.0cm_12TVL160640-CROP.04342.00155.000.png,256,256,car,30,173,56,187
car.Utah_AGRC-HRO_15.0cm_12TVL160640-CROP.04342.00155.000.png,256,256,car,31,191,51,205
car.Utah_AGRC-HRO_15.0cm_12TVL160640-CROP.04342.00155.000.png,256,256,car,107,64,148,84
car.Utah_AGRC-HRO_15.0cm_12TVL160640-CROP.04342.00155.000.png,256,256,car,107,118,148,135
car.Utah_AGRC-HRO_15.0cm_12TVL160640-CROP.04342.00155.000.png,256,256,car,106,192,143,208
car.Utah_AGRC-HRO_15.0cm_12TVL160640-CROP.04342.00155.000.png,256,256,car,107,211,143,226
car.Utah_AGRC-HRO_15.0cm_12TVL160640-CROP.04342.00155.000.png,256,256,car,149,64,184,82
car.Utah_AGRC-HRO_15.0cm_12TVL160640-CROP.04342.00155.000.png,256,256,car,152,84,184,99
car.Utah_AGRC-HRO_15.0cm_12TVL160640-CROP.04342.00155.000.png,256,256,car,152,100,186,115
car.Utah_AGRC-HRO_15.0cm_12TVL160640-CROP.04342.00155.000.png,256,256,car,150,117,187,134
car.Utah_AGRC-HRO_15.0cm_12TVL160640-CROP.04342.00155.000.png,256,256,car,149,137,187,153
car.Utah_AGRC-HRO_15.0cm_12TVL160640-CROP.04342.00155.000.png,256,256,car,150,154,189,173
car.Utah_AGRC-HRO_15.0cm_12TVL160640-CROP.05077.03418.000.png,256,256,car,66,111,83,144
car.Utah_AGRC-HRO_15.0cm_12TVL160640-CROP.05077.03418.000.png,256,256,car,119,113,138,148
car.Utah_AGRC-HRO_15.0cm_12TVL160640-CROP.05077.03418.000.png,256,256,car,140,109,153,146
car.Utah_AGRC-HRO_15.0cm_12TVL160640-CROP.05077.03418.000.png,256,256,car,161,108,177,148
car.Utah_AGRC-HRO_15.0cm_12TVL160640-CROP.05077.03418.000.png,256,256,car,179,120,194,153
car.Utah_AGRC-HRO_15.0cm_12TVL160640-CROP.05675.04714.000.png,256,256,car,122,157,144,189
car.Utah_AGRC-HRO_15.0cm_12TVL160640-CROP.05675.04714.000.png,256,256,car,101,161,120,194
car.Utah_AGRC-HRO_15.0cm_12TVL160640-CROP.05675.04714.000.png,256,256,car,82,169,102,199
car.Utah_AGRC-HRO_15.0cm_12TVL160640-CROP.05675.04714.000.png,256,256,car,46,132,74,174
car.Utah_AGRC-HRO_15.0cm_12TVL160640-CROP.05675.04714.000.png,256,256,car,73,126,95,164
car.Utah_AGRC-HRO_15.0cm_12TVL160640-CROP.05675.04714.000.png,256,256,car,115,113,144,147
car.Utah_AGRC-HRO_15.0cm_12TVL160640-CROP.06472.07143.000.png,256,256,car,106,117,141,142
car.Utah_AGRC-HRO_15.0cm_12TVL160640-CROP.06555.01497.000.png,256,256,car,75,64,112,83
car.Utah_AGRC-HRO_15.0cm_12TVL160640-CROP.06555.01497.000.png,256,256,car,114,65,147,81
car.Utah_AGRC-HRO_15.0cm_12TVL160640-CROP.06555.01497.000.png,256,256,car,111,30,148,43
car.Utah_AGRC-HRO_15.0cm_12TVL160640-CROP.06555.01497.000.png,256,256,car,76,136,113,156
car.Utah_AGRC-HRO_15.0cm_12TVL160640-CROP.06555.01497.000.png,256,256,car,110,98,155,118
car.Utah_AGRC-HRO_15.0cm_12TVL160640-CROP.06555.01497.000.png,256,256,car,113,118,141,135
car.Utah_AGRC-HRO_15.0cm_12TVL160640-CROP.06555.01497.000.png,256,256,car,109,191,149,209
car.Utah_AGRC-HRO_15.0cm_12TVL160640-CROP.06640.07072.000.png,256,256,car,107,117,147,137
