<annotation>
	<folder>train</folder>
	<filename>car.Utah_AGRC-HRO_15.0cm_12TVK220980-CROP.00451.05338.000.png</filename>
	<path>C:\Users\CHRISTIAN\Desktop\cars_dataset\datasetXML\train\car.Utah_AGRC-HRO_15.0cm_12TVK220980-CROP.00451.05338.000.png</path>
	<source>
		<database>Unknown</database>
	</source>
	<size>
		<width>256</width>
		<height>256</height>
		<depth>3</depth>
	</size>
	<segmented>0</segmented>
	<object>
		<name>car</name>
		<pose>Unspecified</pose>
		<truncated>0</truncated>
		<difficult>0</difficult>
		<bndbox>
			<xmin>119</xmin>
			<ymin>120</ymin>
			<xmax>152</xmax>
			<ymax>138</ymax>
		</bndbox>
	</object>
</annotation>
