<annotation>
	<folder>train</folder>
	<filename>car.Utah_AGRC-HRO_15.0cm_12TVK220980-CROP.02429.00458.000.png</filename>
	<path>C:\Users\CHRISTIAN\Desktop\cars_dataset\datasetXML\train\car.Utah_AGRC-HRO_15.0cm_12TVK220980-CROP.02429.00458.000.png</path>
	<source>
		<database>Unknown</database>
	</source>
	<size>
		<width>256</width>
		<height>256</height>
		<depth>3</depth>
	</size>
	<segmented>0</segmented>
	<object>
		<name>car</name>
		<pose>Unspecified</pose>
		<truncated>0</truncated>
		<difficult>0</difficult>
		<bndbox>
			<xmin>191</xmin>
			<ymin>130</ymin>
			<xmax>210</xmax>
			<ymax>182</ymax>
		</bndbox>
	</object>
	<object>
		<name>car</name>
		<pose>Unspecified</pose>
		<truncated>0</truncated>
		<difficult>0</difficult>
		<bndbox>
			<xmin>110</xmin>
			<ymin>115</ymin>
			<xmax>147</xmax>
			<ymax>143</ymax>
		</bndbox>
	</object>
</annotation>
