<annotation>
	<folder>train</folder>
	<filename>car.Utah_AGRC-HRO_15.0cm_12TVK220980-CROP.00420.00723.000.png</filename>
	<path>C:\Users\CHRISTIAN\Desktop\cars_dataset\datasetXML\train\car.Utah_AGRC-HRO_15.0cm_12TVK220980-CROP.00420.00723.000.png</path>
	<source>
		<database>Unknown</database>
	</source>
	<size>
		<width>256</width>
		<height>256</height>
		<depth>3</depth>
	</size>
	<segmented>0</segmented>
	<object>
		<name>car</name>
		<pose>Unspecified</pose>
		<truncated>0</truncated>
		<difficult>0</difficult>
		<bndbox>
			<xmin>129</xmin>
			<ymin>100</ymin>
			<xmax>149</xmax>
			<ymax>116</ymax>
		</bndbox>
	</object>
	<object>
		<name>car</name>
		<pose>Unspecified</pose>
		<truncated>0</truncated>
		<difficult>0</difficult>
		<bndbox>
			<xmin>117</xmin>
			<ymin>119</ymin>
			<xmax>150</xmax>
			<ymax>135</ymax>
		</bndbox>
	</object>
	<object>
		<name>car</name>
		<pose>Unspecified</pose>
		<truncated>0</truncated>
		<difficult>0</difficult>
		<bndbox>
			<xmin>152</xmin>
			<ymin>121</ymin>
			<xmax>193</xmax>
			<ymax>137</ymax>
		</bndbox>
	</object>
</annotation>
