<annotation>
	<folder>train</folder>
	<filename>car.Utah_AGRC-HRO_15.0cm_12TVK220980-CROP.06674.00476.000.png</filename>
	<path>C:\Users\CHRISTIAN\Desktop\cars_dataset\datasetXML\train\car.Utah_AGRC-HRO_15.0cm_12TVK220980-CROP.06674.00476.000.png</path>
	<source>
		<database>Unknown</database>
	</source>
	<size>
		<width>256</width>
		<height>256</height>
		<depth>3</depth>
	</size>
	<segmented>0</segmented>
	<object>
		<name>car</name>
		<pose>Unspecified</pose>
		<truncated>0</truncated>
		<difficult>0</difficult>
		<bndbox>
			<xmin>82</xmin>
			<ymin>103</ymin>
			<xmax>103</xmax>
			<ymax>142</ymax>
		</bndbox>
	</object>
	<object>
		<name>car</name>
		<pose>Unspecified</pose>
		<truncated>0</truncated>
		<difficult>0</difficult>
		<bndbox>
			<xmin>138</xmin>
			<ymin>106</ymin>
			<xmax>157</xmax>
			<ymax>142</ymax>
		</bndbox>
	</object>
	<object>
		<name>car</name>
		<pose>Unspecified</pose>
		<truncated>0</truncated>
		<difficult>0</difficult>
		<bndbox>
			<xmin>194</xmin>
			<ymin>189</ymin>
			<xmax>228</xmax>
			<ymax>207</ymax>
		</bndbox>
	</object>
	<object>
		<name>car</name>
		<pose>Unspecified</pose>
		<truncated>0</truncated>
		<difficult>0</difficult>
		<bndbox>
			<xmin>191</xmin>
			<ymin>224</ymin>
			<xmax>227</xmax>
			<ymax>242</ymax>
		</bndbox>
	</object>
</annotation>
